<?xml version="1.0" encoding="utf-8"?>
<rss version="2.0" xmlns:sparkle="http://www.andymatuschak.org/xml-namespaces/sparkle" xmlns:dc="http://purl.org/dc/elements/1.1/">
  <channel>
    <title>Maccy</title>
    <link>https://raw.githubusercontent.com/p0deje/Maccy/master/appcast.xml</link>
    <description>Most recent changes with links to updates.</description>
    <language>en</language>
    <item>
      <title>2.5.1</title>
      <description>
        <![CDATA[
          <ul>
            <li>Added Kurdish (Sorani) translation.</li>
            <li>Fixed a bug when text was flipped upside down on macOS 26.</li>
          </ul>
        ]]>
      </description>
      <pubDate>2025-09-15</pubDate>
      <releaseNotesLink>https://github.com/p0deje/Maccy/releases/tag/2.5.1</releaseNotesLink>
      <sparkle:minimumSystemVersion>14.0</sparkle:minimumSystemVersion>
      <enclosure
        url="https://github.com/p0deje/Maccy/releases/download/2.5.1/Maccy.app.zip"
        sparkle:version="58"
        sparkle:shortVersionString="2.5.1"
        length="0"
        type="application/octet-stream"
      />
    </item>
  </channel>
</rss>
